date,feature_1,feature_2,target
2020-01-01 00:00:00,10.21007121715689,11.01181357615431,10.049671415301123
2020-01-01 01:00:00,10.916303800378671,11.326553567549118,10.551202854364249
2020-01-01 02:00:00,10.800035958934417,11.55760137397135,11.159498947396493
2020-01-01 03:00:00,11.673941140583265,11.724853156517488,11.708481024117205
2020-01-01 04:00:00,11.684735758096432,12.054409357148144,11.897677736272716
2020-01-01 05:00:00,11.940675531559195,12.016897262891856,12.144349564046134
2020-01-01 06:00:00,12.101742322905753,12.106366532945621,12.440442215507055
2020-01-01 07:00:00,11.96183475765108,11.795741445634368,12.33741417059595
2020-01-01 08:00:00,11.905659001066546,11.49865885985953,12.059858543386285
2020-01-01 09:00:00,11.485291072247769,10.837327272031315,11.888748628686859
2020-01-01 10:00:00,11.263590992698541,10.714159395566917,11.418999255085147
2020-01-01 11:00:00,10.739249992796573,10.029998490522358,10.980957139167755
2020-01-01 12:00:00,10.241250373763798,9.996985376475585,10.57807996627416
2020-01-01 13:00:00,9.503819479290279,8.940288289398767,9.888302513602243
2020-01-01 14:00:00,9.118399842260683,9.11502104271833,9.467508216748698
2020-01-01 15:00:00,9.049766344587676,8.645377037301603,9.211589761218146
2020-01-01 16:00:00,8.67915110297109,8.348783642218693,8.889986138461303
2020-01-01 17:00:00,8.270259757878668,8.468894062532142,8.863393266254892
2020-01-01 18:00:00,8.376210158239152,8.585167454327895,8.712687394306611
2020-01-01 19:00:00,8.568954292668517,8.96943588356361,8.769205388566453
2020-01-01 20:00:00,8.447436943538383,9.493091456051678,9.294686807094196
2020-01-01 21:00:00,9.141723051671839,9.625417793594684,9.4803155887648
2020-01-01 22:00:00,9.34737759436014,10.233850472799633,9.959804692298617
2020-01-01 23:00:00,10.019230095775642,11.092383478881905,10.327858814319065
2020-01-02 00:00:00,10.331044773699253,11.536312020214446,10.967393210015512
2020-01-02 01:00:00,10.689506689440966,11.744954202190593,11.583328128942696
2020-01-02 02:00:00,11.160061220710249,11.959096230209589,11.971139416573765
2020-01-02 03:00:00,12.000977552236796,12.308260047061625,12.568507563435945
2020-01-02 04:00:00,12.326976075309451,12.497635592015868,12.818012342361435
2020-01-02 05:00:00,12.323461336819896,12.199865726296467,13.076797671103419
2020-01-02 06:00:00,12.698117595095216,12.22603057704162,13.14079820667948
2020-01-02 07:00:00,12.30544267728478,11.838104048673987,13.343641726899008
2020-01-02 08:00:00,12.34359686092462,11.829451086493224,12.98157483373929
2020-01-02 09:00:00,11.756066441126992,11.420602087833483,12.58232579978587
2020-01-02 10:00:00,11.558546426937797,10.833457310935833,12.37782729699646
2020-01-02 11:00:00,11.124038555114307,10.67053712840651,11.711479551497007
2020-01-02 12:00:00,10.505824462784359,9.725647222054134,11.355814271682299
2020-01-02 13:00:00,9.983750531371648,9.160580305493731,10.638961370640269
2020-01-02 14:00:00,9.819264672510531,9.19697064809057,10.236012221335288
2020-01-02 15:00:00,9.172107230462355,9.204012046075961,9.989184771107062
2020-01-02 16:00:00,9.170612842434512,9.240359535808429,9.738999647611845
2020-01-02 17:00:00,8.555425742944038,8.789490683806402,9.494585880329259
2020-01-02 18:00:00,8.810178421463645,9.2128469713803,9.408435171761177
2020-01-02 19:00:00,9.056057239168178,9.225967647425524,9.46733868265133
2020-01-02 20:00:00,8.418296091477883,9.485305890197093,9.557300790575558
2020-01-02 21:00:00,9.112271281059696,10.155489100837674,9.957514226680678
2020-01-02 22:00:00,9.81679790000068,10.590667095349776,10.402766949129148
2020-01-02 23:00:00,10.22089218051395,10.705041871428218,11.040640605650138
2020-01-03 00:00:00,10.818874045243597,11.747059721701062,11.48928974113867
2020-01-03 01:00:00,11.036651958238272,12.040673625092845,11.797259900957835
2020-01-03 02:00:00,11.76130855885739,12.084803887349972,12.48798120272562
2020-01-03 03:00:00,12.090765666428045,12.493955039007396,12.829588664639829
2020-01-03 04:00:00,12.657197994207642,12.622348041636858,13.115232356182485
2020-01-03 05:00:00,12.736600763615412,12.63795092561532,13.4395815373322
2020-01-03 06:00:00,12.839554942491047,12.369080160493471,13.544068820152013
2020-01-03 07:00:00,12.613097962061758,12.095222855409574,13.459095057994366
2020-01-03 08:00:00,12.30558138848547,11.790785460419762,13.074154459031055
2020-01-03 09:00:00,12.020603405630753,11.634554065860003,12.80001652401626
2020-01-03 10:00:00,11.798572987203835,11.06958354454454,12.43936511745635
2020-01-03 11:00:00,11.179517340280443,10.430772324924753,12.009790382683946
2020-01-03 12:00:00,10.724912000721037,10.114189990284874,11.333914058683506
2020-01-03 13:00:00,10.572144982263584,8.980149939726562,10.831767735274031
2020-01-03 14:00:00,9.795434127900952,9.385036500999965,10.242418374429224
2020-01-03 15:00:00,9.129324790582576,8.553693522447073,9.803272556405386
2020-01-03 16:00:00,9.208904636869084,8.796273241651038,9.669374512441465
2020-01-03 17:00:00,8.705488979885157,8.663070498068867,9.506059761557067
2020-01-03 18:00:00,8.23051948781478,8.672101318519623,9.2762887897007
2020-01-03 19:00:00,8.548617822919734,9.448326268867987,9.432321822784568
2020-01-03 20:00:00,8.533532638510145,9.421357141134855,9.547432852999508
2020-01-03 21:00:00,9.094243791346054,9.940954045687008,9.743306538681727
2020-01-03 22:00:00,9.62175345611333,10.367504709602104,10.236139560550841
2020-01-03 23:00:00,10.483185514709845,11.002125262801934,10.813434194714619
2020-01-04 00:00:00,10.640536042356112,11.29762172700188,11.150301135206561
2020-01-04 01:00:00,11.116996179393835,11.511424198999814,11.80399448010618
2020-01-04 02:00:00,11.587564373215406,12.086862447157205,11.843366513957418
2020-01-04 03:00:00,11.553221156767865,12.189590120750632,12.576682874765785
2020-01-04 04:00:00,12.310903659807948,12.052364790958915,12.795510688803596
2020-01-04 05:00:00,12.585483846383497,12.245787352908291,12.93076996263407
2020-01-04 06:00:00,12.210131256648962,12.513107245118341,13.011697011609863
2020-01-04 07:00:00,12.549179819070934,12.02454753256318,12.709006368280962
2020-01-04 08:00:00,12.26328762776397,11.518651560701597,12.6591258849613
2020-01-04 09:00:00,11.809993846220179,11.116093106950105,12.37188929562758
2020-01-04 10:00:00,11.647816122251553,10.698113693684299,12.042519498060583
2020-01-04 11:00:00,11.3795587479904,10.581950728039168,11.333202262654002
2020-01-04 12:00:00,10.415948570867041,9.748855629115104,10.759150639710683
2020-01-04 13:00:00,9.913222577737635,9.342380431233863,10.244795011160177
2020-01-04 14:00:00,9.346532879183846,9.178535923609193,9.876810118183784
2020-01-04 15:00:00,8.811272881165282,8.736106368050088,9.376697072489568
2020-01-04 16:00:00,8.773007212463536,8.455231197485915,8.945930905878248
2020-01-04 17:00:00,8.274639150314302,8.506486368183708,8.823563483570286
2020-01-04 18:00:00,8.357906657933123,8.622166377419886,8.68718682097849
2020-01-04 19:00:00,8.346639585044224,8.900652453384348,8.81619380137263
2020-01-04 20:00:00,8.641264915681077,9.298201217941113,8.822988708632481
2020-01-04 21:00:00,8.93599622037682,9.586759757667439,9.152741161011958
2020-01-04 22:00:00,9.475232069011774,10.173071140705831,9.535448160320389
2020-01-04 23:00:00,9.582236870457534,10.426915879309288,9.886118390662007
2020-01-05 00:00:00,10.223889157235773,11.000697963544216,10.555728288588899
2020-01-05 01:00:00,10.586303796521038,10.989622761452997,11.046474989149965
2020-01-05 02:00:00,11.151397020816898,11.889447034061686,11.480511345664244
2020-01-05 03:00:00,11.70692826605564,11.993659081439718,11.848722772520242
2020-01-05 04:00:00,12.031019964763617,12.179124685911106,12.027193675300214
2020-01-05 05:00:00,11.93447622881759,11.43975779550975,12.305966934728099
2020-01-05 06:00:00,12.355040557265427,12.30590109538699,12.36223874648859
2020-01-05 07:00:00,12.351721655238988,11.586750331557893,12.229336514377854
2020-01-05 08:00:00,11.986587133744857,11.518330357765702,12.075749498631357
2020-01-05 09:00:00,11.981221877132159,10.690774748008891,11.797511866868
2020-01-05 10:00:00,11.1030255193249,10.621519095055607,11.515566718291229
2020-01-05 11:00:00,10.43345017861163,9.71287896153666,10.847124148342779
2020-01-05 12:00:00,9.80621772852127,9.330101204976415,10.323923556604248
2020-01-05 13:00:00,9.920549586421158,9.39694063621476,9.760319538451679
2020-01-05 14:00:00,9.17181518334786,8.53687974563531,9.081884104154097
2020-01-05 15:00:00,8.704981710058211,8.466692000062794,8.8464108508537
2020-01-05 16:00:00,8.453941726299922,8.472061124669079,8.527946809640792
2020-01-05 17:00:00,8.089154946834148,8.513289556392973,8.560357165165785
2020-01-05 18:00:00,8.5990479137331,8.4328745176519,8.21979503561947
2020-01-05 19:00:00,8.225788822998602,8.738862613385871,8.33174082578525
2020-01-05 20:00:00,8.402655688544737,9.468666205353331,8.493604266816394
2020-01-05 21:00:00,8.785564195371478,9.33599389237157,8.695035303556581
2020-01-05 22:00:00,9.265556584180024,9.968393592278195,9.33870947566536
2020-01-05 23:00:00,9.676772453140584,10.6009455725888,9.781629386774563
2020-01-06 00:00:00,9.993992750172168,11.080299609039377,10.30417528252247
2020-01-06 01:00:00,10.68017915227586,11.430497900642653,10.654132871492282
2020-01-06 02:00:00,11.562129201729244,11.779396173129143,11.371448604868478
2020-01-06 03:00:00,11.731348913517849,11.526557140554212,11.510316246200619
2020-01-06 04:00:00,12.201429088996177,12.309378492633149,12.033532719767722
2020-01-06 05:00:00,12.0644809461882,11.837554580366072,12.401596510370736
2020-01-06 06:00:00,11.882552219691748,11.84810705797782,12.16094636748693
2020-01-06 07:00:00,12.01372902968387,11.422105417410858,12.145921174829459
2020-01-06 08:00:00,11.889576459690412,11.258397449232161,12.024812146896464
2020-01-06 09:00:00,11.756021978414855,10.895829375594818,11.660153787068234
2020-01-06 10:00:00,10.739558489391166,10.383503813321667,11.15610283066826
2020-01-06 11:00:00,10.99069306622082,10.010348108073236,10.851927914452355
2020-01-06 12:00:00,10.087819278506982,9.735056330847963,10.238841716445561
2020-01-06 13:00:00,9.602702404192707,9.171579119803068,9.893795326569416
2020-01-06 14:00:00,8.943821510343211,8.631485232048044,9.292484770790484
2020-01-06 15:00:00,8.535370158350444,8.766265707567817,9.146896547820292
2020-01-06 16:00:00,8.60798377028459,8.581343328772505,8.618750114553293
2020-01-06 17:00:00,8.29342773711427,8.13314300315382,8.48937993993132
2020-01-06 18:00:00,8.022199246969063,8.692564659700693,8.560382853834549
2020-01-06 19:00:00,8.000531680435136,8.865707809599106,8.450946522273858
2020-01-06 20:00:00,8.479152547411084,9.094003145279027,8.824669782107097
2020-01-06 21:00:00,9.266585780784755,9.915029619575744,9.279776513826857
2020-01-06 22:00:00,9.164588180841225,9.945314378809957,9.433012902227889
2020-01-06 23:00:00,9.503666122214614,10.588229048635062,10.126227515881515
2020-01-07 00:00:00,10.292929785661212,11.014570814808174,10.684156796956808
2020-01-07 01:00:00,10.848198658271643,11.513065540419388,11.287848654237317
2020-01-07 02:00:00,10.762249199952858,11.548297337451203,11.603253057082355
2020-01-07 03:00:00,11.718778367822049,11.734520383420204,12.045061119878124
2020-01-07 04:00:00,12.111874610922523,12.576862952113887,12.584072226359647
2020-01-07 05:00:00,12.504798453563419,12.096264488432443,12.799262708623335
2020-01-07 06:00:00,12.820570960576996,11.959608052883214,12.901559483175854
2020-01-07 07:00:00,12.632576976175788,11.51066012125643,12.882676287954334
2020-01-07 08:00:00,12.12261180434718,11.441390834238332,12.62072827734741
2020-01-07 09:00:00,11.703505027225145,10.953085469105435,12.43540685557386
2020-01-07 10:00:00,12.049325584314905,11.10423761058969,12.069307247329869
2020-01-07 11:00:00,11.035129891970088,10.466430577933199,11.528934320129341
2020-01-07 12:00:00,10.659132714381059,9.811610005776377,11.312693711996928
2020-01-07 13:00:00,10.086282526258685,9.934388346067628,10.699853177566403
2020-01-07 14:00:00,9.587381265110245,9.278191584065924,10.095528625913344
2020-01-07 15:00:00,9.219602504696224,8.890615091565836,9.911162736535122
2020-01-07 16:00:00,8.757105120338256,8.272055956234958,9.475725850997485
2020-01-07 17:00:00,8.67372126680965,9.341181992080502,9.498037762693592
2020-01-07 18:00:00,8.750118657929015,8.771648037432943,9.513338623944428
2020-01-07 19:00:00,8.640473473696066,8.886004504820505,9.430168508423778
2020-01-07 20:00:00,8.919027709269809,9.873317310889083,9.85524453917937
2020-01-07 21:00:00,9.396729291460447,10.570500508376465,10.165100054217238
2020-01-07 22:00:00,9.782742517722344,10.869411570011136,10.667475922413027
2020-01-07 23:00:00,10.694304559506039,11.265106830902491,11.304650013784034
2020-01-08 00:00:00,10.29753663252125,11.653788243719456,11.655461188399709
2020-01-08 01:00:00,11.561948249509822,12.121536349563307,12.169655668045618
2020-01-08 02:00:00,12.092106363811464,12.460600869558357,12.685778650623874
2020-01-08 03:00:00,11.869727239694841,12.6335367897838,13.154597009979854
2020-01-08 04:00:00,12.594179336370187,12.783457498481265,13.59338290280364
2020-01-08 05:00:00,12.832576881701266,12.794446006815894,13.881878457222715
2020-01-08 06:00:00,12.713592668001095,12.551408870357879,13.990190013889316
2020-01-08 07:00:00,12.822057000063026,12.455559495918783,14.023389022584261
2020-01-08 08:00:00,12.537963320275065,11.814280767847238,13.788106171167577
2020-01-08 09:00:00,12.887483885893262,11.810255090663041,13.659846032043987
2020-01-08 10:00:00,12.246573349150795,11.102900403988603,13.118875341042601
2020-01-08 11:00:00,12.002903579693223,10.769055652148719,12.979547031183742
2020-01-08 12:00:00,11.292559649755672,10.477097285991176,12.296450473894057
2020-01-08 13:00:00,10.352327991867238,10.249332444697684,11.6739147824264
2020-01-08 14:00:00,10.001551321840992,9.824192870008341,11.212910750193892
2020-01-08 15:00:00,9.888801008892317,9.183932757108645,10.99606575566656
2020-01-08 16:00:00,9.214010520418258,9.160610032377944,10.648922971962165
2020-01-08 17:00:00,9.468358150947697,9.613813125015488,10.583368582404576
2020-01-08 18:00:00,9.217341702526417,9.36180252226383,10.530813564316087
2020-01-08 19:00:00,9.250686445918163,9.746649803717746,10.583152867434302
2020-01-08 20:00:00,9.64788786905386,10.222912653899987,10.7434425583952
2020-01-08 21:00:00,9.897450129283095,10.322035357199704,11.031408496344868
2020-01-08 22:00:00,10.22200695514775,11.074094334643275,11.588400376623127
2020-01-08 23:00:00,11.091033671756701,11.35118165720273,12.235973512372752
2020-01-09 00:00:00,11.145407762920543,11.948453680836826,12.723240856881047
2020-01-09 01:00:00,11.945837162541626,12.493812786663199,13.127661992100508
2020-01-09 02:00:00,12.510398685044223,12.539105513033283,13.783556866901101
2020-01-09 03:00:00,12.769932243110873,13.212829697379206,14.249469499574255
2020-01-09 04:00:00,13.166097242099461,13.196843500370335,14.4696904677332
2020-01-09 05:00:00,13.116372889350654,13.377193173006521,14.801339556677295
2020-01-09 06:00:00,13.62820027371489,13.195284477872992,14.88678973974702
2020-01-09 07:00:00,13.291003838332996,13.134886525327296,14.72411687866505
2020-01-09 08:00:00,13.110832445804583,12.633215591756054,14.698703292247908
2020-01-09 09:00:00,13.128996299013073,12.1262065644341,14.42417534531829
2020-01-09 10:00:00,12.401070226943284,11.807579420555774,14.08387793010367
2020-01-09 11:00:00,11.78659884667861,11.41813166665608,13.6189441216976
2020-01-09 12:00:00,11.127254652988288,10.74124572057166,12.877160975386124
2020-01-09 13:00:00,11.072955884684983,10.352665873974713,12.421145879036743
2020-01-09 14:00:00,10.294081305973744,9.943843012622583,12.100334352946001
2020-01-09 15:00:00,10.494290676516023,9.7178584377955,11.70087724261138
2020-01-09 16:00:00,9.415917593760271,9.451881998472446,11.396657758242908
2020-01-09 17:00:00,10.144726548006805,10.255251045490816,11.542722201275733
2020-01-09 18:00:00,9.620748018975181,9.622665097269854,11.157089051069317
2020-01-09 19:00:00,9.66023435945101,10.006921768554975,11.29100561622832
2020-01-09 20:00:00,9.765267361834583,10.33777608476445,11.480553165961624
2020-01-09 21:00:00,10.26003932800923,11.06630376171425,11.774637772650728
2020-01-09 22:00:00,10.54112501039557,11.24848106032465,12.097303901761087
2020-01-09 23:00:00,11.307253983839564,12.094961067073525,12.690825305077565
2020-01-10 00:00:00,11.551668225096437,12.101231351701802,13.057645390728064
2020-01-10 01:00:00,12.103820425304935,12.73676526413924,13.629882055820094
2020-01-10 02:00:00,12.470795783058833,12.842374641138724,14.087036451003218
2020-01-10 03:00:00,12.973859809752385,13.707171978864725,14.556284306620096
2020-01-10 04:00:00,13.47478096400307,13.275601348923383,15.094390412880434
2020-01-10 05:00:00,13.059735842352211,13.363833240424317,14.871687389188939
2020-01-10 06:00:00,13.325160359048793,13.428659600842906,15.18959488693987
2020-01-10 07:00:00,13.5569263745755,13.02510754897219,14.88469545896378
2020-01-10 08:00:00,13.295640003797219,12.617203025714176,14.790883024774379
2020-01-10 09:00:00,12.980226524565074,12.28395227070238,14.619832821298122
2020-01-10 10:00:00,12.550020174725852,11.796276637406077,14.092666776225544
2020-01-10 11:00:00,12.070566082264259,11.212830295763709,13.484461392178792
2020-01-10 12:00:00,11.387198619709157,10.980819597943464,12.990301111542047
2020-01-10 13:00:00,10.884666713733964,10.875225900450777,12.598293407833888
2020-01-10 14:00:00,10.519176655348586,9.902583421038416,11.960015208658106
2020-01-10 15:00:00,9.909488202176275,9.538308942970012,11.624539077771654
2020-01-10 16:00:00,9.851964704454668,9.652757321136892,11.272679114192425
2020-01-10 17:00:00,9.186195314833064,10.142554325716125,10.9852757239394
2020-01-10 18:00:00,9.794773232860761,9.721100410615135,11.177884210791266
2020-01-10 19:00:00,9.666273887807122,10.365503578702391,11.075360435227166
2020-01-10 20:00:00,9.679558038992827,10.571098613627255,10.988754991828982
2020-01-10 21:00:00,10.242663388412137,10.64251432446798,11.506463945619176
2020-01-10 22:00:00,10.740005565654087,11.279526337701144,11.813821353523153
2020-01-10 23:00:00,11.15649190367492,12.038116260399521,12.424873871547637
2020-01-11 00:00:00,11.009140986370795,12.008597065626175,12.75463166527427
2020-01-11 01:00:00,11.660931886944427,12.483337566953011,13.316056470378092
2020-01-11 02:00:00,12.292956160593084,12.76750951963156,13.835839752264441
2020-01-11 03:00:00,12.842859063101354,12.927582725734066,14.261068143745277
2020-01-11 04:00:00,13.142945378515362,13.009458487912966,14.346776341274198
2020-01-11 05:00:00,13.124387350706655,12.924847637480271,14.607220574096562
2020-01-11 06:00:00,13.354866554315524,13.03143667625851,14.63502640284022
2020-01-11 07:00:00,13.076064408060244,12.607220522030113,14.52243033648368
2020-01-11 08:00:00,13.012541092072635,12.574395476347261,14.537638497773168
2020-01-11 09:00:00,12.454112666603168,11.717158975545544,14.056676209572514
2020-01-11 10:00:00,12.039674199854284,11.531677850416838,13.448641698152926
2020-01-11 11:00:00,11.566889863572664,11.245113531915198,13.156815479186832
2020-01-11 12:00:00,11.170933159255162,10.260253900149793,12.732215619701261
2020-01-11 13:00:00,10.991017935005932,10.247894530971958,12.078217241573759
2020-01-11 14:00:00,9.966786677142691,9.936274427114675,11.313332909818168
2020-01-11 15:00:00,10.307068908899419,9.245771073380247,10.975398554236975
2020-01-11 16:00:00,9.63543719697855,9.771387671665279,10.805598041173619
2020-01-11 17:00:00,9.261776295298441,9.408513294937306,10.38146979369707
2020-01-11 18:00:00,9.029258948392911,9.352821352090919,10.401861008858308
2020-01-11 19:00:00,9.412532503423861,9.727242538299583,10.476792707662272
2020-01-11 20:00:00,9.25909751639921,10.093096822833024,10.480500970862408
2020-01-11 21:00:00,9.747072601775294,10.444978498315246,10.859554840065549
2020-01-11 22:00:00,10.477283028467111,10.831836364405143,10.9305322416267
2020-01-11 23:00:00,10.526984535623432,11.12088084205501,11.610031121341779
2020-01-12 00:00:00,11.320284388128705,11.83140866886533,12.180859445743135
2020-01-12 01:00:00,11.405979331945089,11.87107807627119,12.575591143735494
2020-01-12 02:00:00,12.154622867097178,12.605301179215902,13.323241130393152
2020-01-12 03:00:00,12.7658505823445,12.523802145737893,13.409167348061699
2020-01-12 04:00:00,12.642995142644661,12.721182988188893,13.804726300835553
2020-01-12 05:00:00,13.348968300255072,13.133796801193151,14.041105524733238
2020-01-12 06:00:00,13.251869150615034,13.035687568829342,14.220637527047877
2020-01-12 07:00:00,12.776421484201252,12.544816637272481,13.845978026182076
2020-01-12 08:00:00,12.936604174102268,11.98445371467473,13.88819444501345
2020-01-12 09:00:00,12.62068271475615,11.655783353705301,13.43813008728851
2020-01-12 10:00:00,12.078760623976121,11.438199126425998,12.90879726306537
2020-01-12 11:00:00,11.22271245836739,10.806281739970943,12.555876714485917
2020-01-12 12:00:00,10.853609808379698,10.755796370354464,11.99807448708933
2020-01-12 13:00:00,10.38554844894338,9.906509385250642,11.387742442312407
2020-01-12 14:00:00,9.965484031271501,9.552854714100446,10.960741434183014
2020-01-12 15:00:00,9.662293077679822,9.183442146515727,10.490530878712457
2020-01-12 16:00:00,9.276152557988118,9.167420116253291,10.213275523171811
2020-01-12 17:00:00,8.797128312653594,9.13360363962413,10.060246021369363
2020-01-12 18:00:00,9.11485597705725,9.473331361007217,10.077632813712116
2020-01-12 19:00:00,9.085093593602297,9.620242734193512,9.857804541669202
2020-01-12 20:00:00,9.441122076428048,9.779172453422168,10.39037878125255
2020-01-12 21:00:00,9.65739652760752,9.882100572971586,10.296694327366287
2020-01-12 22:00:00,10.11140877326492,10.336202312836997,10.88924868471029
2020-01-12 23:00:00,10.555650872820348,11.324232167459686,11.445267804154355
2020-01-13 00:00:00,10.952552495004102,11.453019097247605,11.933171274591672
2020-01-13 01:00:00,11.108027690894154,11.616848117688775,12.362801664989679
2020-01-13 02:00:00,12.03110211819609,12.488820021564834,12.890356948739145
2020-01-13 03:00:00,12.389244948126148,13.13920053299354,13.281201259013962
2020-01-13 04:00:00,12.718296438570139,12.762666911327724,13.595910534693264
2020-01-13 05:00:00,12.684331689870925,13.007479137420688,13.947511157491839
2020-01-13 06:00:00,12.7716394662166,12.711323427194312,13.975701548596504
2020-01-13 07:00:00,13.083186391087484,12.386852063493608,13.81325998826367
2020-01-13 08:00:00,12.750517871978625,12.335037840665597,13.784806997931028
2020-01-13 09:00:00,12.554022572944824,11.652560743446024,13.42123130456751
2020-01-13 10:00:00,12.041891368055479,11.33088711054125,13.07245538565877
2020-01-13 11:00:00,11.558787523583744,10.858356811821277,12.588034501164131
2020-01-13 12:00:00,11.158743054558183,10.130361421447827,11.942172586725967
2020-01-13 13:00:00,10.37318099899711,10.067592055865973,11.470417979486204
2020-01-13 14:00:00,10.088802432751306,9.568660499734955,11.139156554726203
2020-01-13 15:00:00,9.56690822800339,9.215321035032375,10.732940133861886
2020-01-13 16:00:00,9.234567992924358,9.328868784620266,10.37498528439051
2020-01-13 17:00:00,9.078899163958587,9.060940414798736,10.213318829882764
2020-01-13 18:00:00,9.187825565164955,9.441928261125485,10.286797621676424
2020-01-13 19:00:00,9.035762356895074,9.595614108187995,10.194875815033672
2020-01-13 20:00:00,9.653442584712108,10.226676831445634,10.536633526763685
2020-01-13 21:00:00,9.518393244947157,10.499361133153592,10.80884297315522
2020-01-13 22:00:00,10.088622223848372,10.879810206034135,11.251993105361285
2020-01-13 23:00:00,10.602055650856139,11.612374167453549,11.897641815226999
2020-01-14 00:00:00,11.49975065308611,12.195503367205378,12.420710152430752
2020-01-14 01:00:00,11.783638665734658,12.463096130384633,12.971017330659647
2020-01-14 02:00:00,12.475116912336517,12.736744354700539,13.537496008885594
2020-01-14 03:00:00,12.339598289254067,12.667236336204882,13.859207165349826
2020-01-14 04:00:00,13.059472140422015,12.892939777137721,14.280073366927452
2020-01-14 05:00:00,13.353120768234092,13.014249245733838,14.418537565640671
2020-01-14 06:00:00,13.31092021455014,12.879667757449749,14.588926833390111
2020-01-14 07:00:00,13.436530482086074,12.720114320186854,14.515017161567869
2020-01-14 08:00:00,12.951782886766626,12.459364203084204,14.378430346004524
2020-01-14 09:00:00,13.064824863424395,12.181787145072082,14.151697188401457
2020-01-14 10:00:00,12.778868590562194,11.546170165124007,13.638177931676669
2020-01-14 11:00:00,11.931055427764855,11.342104423515508,13.489608189500528
2020-01-14 12:00:00,11.263656757086096,10.658545363141727,12.705514522732486
2020-01-14 13:00:00,11.137383362419266,9.84440679504303,12.211051024196468
2020-01-14 14:00:00,10.821149460637955,9.851442126438993,12.010470062983618
2020-01-14 15:00:00,9.990658035916807,9.77351931138969,11.604673645068026
2020-01-14 16:00:00,9.707740232659123,9.449938225005429,11.315605999725449
2020-01-14 17:00:00,9.558799178561719,9.835042268837684,11.162163853245772
2020-01-14 18:00:00,9.269237092172641,10.137170579661678,11.076254388758993
2020-01-14 19:00:00,9.401599435969272,10.295008021894638,11.102511303110363
2020-01-14 20:00:00,9.656390133902315,10.421736071748605,11.446487382074327
2020-01-14 21:00:00,10.007386600978819,11.16619812255618,11.736105790372383
2020-01-14 22:00:00,10.674453962400335,11.469943476420632,12.362781879755365
2020-01-14 23:00:00,11.17815639008897,11.822715294460577,12.780264977368395
2020-01-15 00:00:00,11.948825238723183,12.223151388638726,13.27745028032074
2020-01-15 01:00:00,12.00559358711278,12.751976816644833,13.89289070031605
2020-01-15 02:00:00,12.94487609920231,13.136302082087814,14.496023239013986
2020-01-15 03:00:00,13.094211803939439,13.463986036073095,14.859805583195996
2020-01-15 04:00:00,13.455568178948159,13.597476139593246,15.19887103418841
2020-01-15 05:00:00,13.876955715167501,13.642700598260246,15.552131980890232
2020-01-15 06:00:00,13.608964391221134,13.628003210669418,15.667017591067186
2020-01-15 07:00:00,13.827395965597649,13.523117445029042,15.569976380143546
2020-01-15 08:00:00,13.60916692113603,13.15858094789977,15.419702151417955
2020-01-15 09:00:00,13.414445843020188,12.31186921534203,15.21769761806402
2020-01-15 10:00:00,12.8981000238899,11.570663023025428,14.680532590216668
2020-01-15 11:00:00,12.87327094162825,11.81025585079141,14.246783737087116
2020-01-15 12:00:00,11.793471661645922,10.940537137626551,13.842039316992343
2020-01-15 13:00:00,11.344124475345545,10.798164427285451,13.418285822896845
2020-01-15 14:00:00,10.890917272994967,10.315596946778975,13.031090756559818
2020-01-15 15:00:00,10.569474862900003,10.027280980402598,12.775354135837201
2020-01-15 16:00:00,10.22501477716174,10.360884325759363,12.437035212814953
2020-01-15 17:00:00,10.359864819931953,10.373792968275602,12.175974679999022
2020-01-15 18:00:00,10.364894940132205,10.258385229202347,12.161588181068465
2020-01-15 19:00:00,10.005016326079133,10.066882952689106,12.170182822236198
2020-01-15 20:00:00,10.220638789896116,10.88506737354838,12.506270616602801
2020-01-15 21:00:00,10.80419000755144,11.49537447854121,12.834027354921426
2020-01-15 22:00:00,11.062217255075623,11.63569859527951,13.345323727863637
2020-01-15 23:00:00,11.74157258774116,12.410477253248407,13.747610538585167
2020-01-16 00:00:00,12.257467671116341,12.920927878298027,14.433766133892155
2020-01-16 01:00:00,12.498425102739027,13.524638584340614,15.085509761271934
2020-01-16 02:00:00,13.527182420001152,13.707523279707043,15.435362759470296
2020-01-16 03:00:00,14.03183678271129,13.770940678729326,15.931108933811272
2020-01-16 04:00:00,13.897012970949769,14.358785431884177,16.30709061052442
2020-01-16 05:00:00,14.101308013748957,14.047241988626126,16.425844998894167
2020-01-16 06:00:00,14.34886213618671,13.993334931326295,16.58337811608346
2020-01-16 07:00:00,14.292653758549616,13.573182982448502,16.51967314852629
2020-01-16 08:00:00,14.174080341353,13.346508677898223,16.35269216606798
2020-01-16 09:00:00,14.09454564608778,12.808437414342587,15.970795914295921
2020-01-16 10:00:00,13.293622466107225,12.535603654518834,15.658023823212051
2020-01-16 11:00:00,12.72084146900416,12.464023568837801,15.243363745618659
2020-01-16 12:00:00,12.144157290877772,11.438534126707859,14.840042272961341
2020-01-16 13:00:00,11.740422679727478,10.956690049458597,14.290855465636765
2020-01-16 14:00:00,11.465449141413366,11.300382775197788,13.94414907197627
2020-01-16 15:00:00,11.278186737132696,10.584517210185306,13.252763891231357
2020-01-16 16:00:00,10.586644863050513,10.456452152621132,13.11238505328437
2020-01-16 17:00:00,10.506723390430764,10.769847160086822,12.855783252784102
2020-01-16 18:00:00,10.496205567446333,10.671260257526963,12.998980293321768
2020-01-16 19:00:00,10.660062440237919,11.253511554546753,12.776619223674743
2020-01-16 20:00:00,11.129951484087405,11.36735653186245,12.98118080539423
2020-01-16 21:00:00,10.851499155717239,11.567197409858704,13.329559382975724
2020-01-16 22:00:00,11.200332738393419,12.48850131465268,13.596441253794136
2020-01-16 23:00:00,12.071189570741355,12.500033455829392,14.242352880860146
2020-01-17 00:00:00,12.505885620938482,13.225033178601628,14.739014646026448
2020-01-17 01:00:00,13.302462157820601,13.600185567436608,15.34860329514174
2020-01-17 02:00:00,13.54165983874712,14.151148285850754,15.849748403363856
2020-01-17 03:00:00,13.843105351330673,14.520159227646902,16.41571397660306
2020-01-17 04:00:00,14.303139839938732,14.291310126118063,16.637966940031674
2020-01-17 05:00:00,14.528028313846585,14.05570360115614,16.68072354288187
2020-01-17 06:00:00,14.519660136623266,14.154664910158171,16.711127400767584
2020-01-17 07:00:00,14.454960114127227,13.752036407666282,16.775158963233398
2020-01-17 08:00:00,14.272386787027902,13.854522939933483,16.38605289065126
2020-01-17 09:00:00,14.128007718369085,13.214348885309953,16.37408363818681
2020-01-17 10:00:00,13.7185231914016,12.610208037829155,15.884182786388156
2020-01-17 11:00:00,13.001220175001086,12.14959521355362,15.225318304761256
2020-01-17 12:00:00,12.251835398716102,11.308726975686987,14.570518029558944
2020-01-17 13:00:00,11.943384127362634,11.112512223691919,14.345720870356967
2020-01-17 14:00:00,11.592100736953949,11.124955898952097,13.70159788730456
2020-01-17 15:00:00,10.832843509621407,10.571958569211121,13.406674850010804
2020-01-17 16:00:00,10.60204884015144,10.219031559335845,12.7886791643226
2020-01-17 17:00:00,10.290655539447773,10.57655427492332,12.670498256404617
2020-01-17 18:00:00,10.32775605050224,10.852041135661322,12.644014171830552
2020-01-17 19:00:00,10.638097842418306,10.992123958318917,12.696666592371836
2020-01-17 20:00:00,10.58532576149295,11.353521843732045,12.826262703346817
2020-01-17 21:00:00,10.917232282133167,11.463692735974588,13.230103507376981
2020-01-17 22:00:00,10.954647750334887,11.70107589028502,13.453237957061742
2020-01-17 23:00:00,11.893127962885885,12.802963025174057,14.005392589565908
2020-01-18 00:00:00,12.392053487372566,12.905527464562473,14.525913302288725
2020-01-18 01:00:00,13.220956988728934,13.345345799458752,15.058973997930652
2020-01-18 02:00:00,13.206695609097027,13.999815910746511,15.53650251217527
2020-01-18 03:00:00,13.621951054291573,13.982260209452368,15.742028415144475
2020-01-18 04:00:00,13.912599422979696,14.0538006631585,15.993394564906216
2020-01-18 05:00:00,14.50563567217702,14.523245062699909,16.44843837987051
2020-01-18 06:00:00,14.178817061099748,13.776279302687671,16.395752335154278
2020-01-18 07:00:00,14.118187434485838,13.782025328658955,16.1929146060854
2020-01-18 08:00:00,14.085708841376396,13.36832580573059,16.1962082712973
2020-01-18 09:00:00,13.598301356770673,12.907591206725508,15.707745501905698
2020-01-18 10:00:00,13.097043183086292,12.733204546176387,15.372659811992802
2020-01-18 11:00:00,12.673527609993377,11.97745771756912,14.751781132622384
2020-01-18 12:00:00,12.417763746216039,11.603589830867469,14.406074792488186
2020-01-18 13:00:00,11.451130294896773,11.263728463559023,13.830504799762982
2020-01-18 14:00:00,11.086780680612216,10.521270373585194,13.120373491565676
2020-01-18 15:00:00,10.553358584135148,10.232647594841723,12.800979056619049
2020-01-18 16:00:00,10.584706182607263,10.036834595513456,12.423444521213465
2020-01-18 17:00:00,9.863986740760273,9.87525322634645,12.26909989601219
2020-01-18 18:00:00,9.858708990538519,10.674628004794354,11.940986719985675
2020-01-18 19:00:00,10.183483772883434,10.353325551015264,12.14793444831919
2020-01-18 20:00:00,10.626597635415006,10.876448463532896,12.359036466705167
2020-01-18 21:00:00,10.464559880113566,11.129454053536923,12.369633427029424
2020-01-18 22:00:00,10.797126656844862,11.72846694684784,12.816333124367016
2020-01-18 23:00:00,11.711685702635203,12.257420776357463,13.18854666769921
2020-01-19 00:00:00,11.639985008635737,12.808789267577481,13.859175577437977
2020-01-19 01:00:00,12.045119697534302,12.975471759826446,14.452123687511586
2020-01-19 02:00:00,13.083120742615442,13.427619336136571,14.990235705209578
2020-01-19 03:00:00,13.226491418265885,13.676311472047525,15.239590963899728
2020-01-19 04:00:00,13.507574992389475,13.76198375308355,15.691592304062372
2020-01-19 05:00:00,13.892607776340512,13.972505179580015,15.570021321183146
2020-01-19 06:00:00,13.841846119857113,13.59838774861707,15.586171954205748
2020-01-19 07:00:00,13.6851148358469,13.478980292915145,15.664009471410356
2020-01-19 08:00:00,13.355106831396197,13.136537606181939,15.49028461469188
2020-01-19 09:00:00,13.438516900031164,12.791613424685659,15.113837306377157
2020-01-19 10:00:00,12.870142194674832,12.017487225721323,14.480203918166193
2020-01-19 11:00:00,12.329361053900818,11.331010791963005,14.180754363108328
2020-01-19 12:00:00,12.13318818295028,11.136691592904729,13.527721567481489
2020-01-19 13:00:00,11.124529694087908,10.601068909912854,13.194731384911305
2020-01-19 14:00:00,10.530105490961896,10.263561362507826,12.670421050293688
2020-01-19 15:00:00,10.212048734720172,10.174809933633975,12.11507425976591
2020-01-19 16:00:00,10.04012594140098,10.19699933645417,11.830537096913027
2020-01-19 17:00:00,9.86679786443965,9.922284712426952,11.56811160172836
2020-01-19 18:00:00,9.748134399613868,10.151041432518372,11.592763222370266
2020-01-19 19:00:00,9.983035414814797,10.718993150728053,11.757100323602012
2020-01-19 20:00:00,9.76291813095415,10.668583010371865,11.75850283915336
2020-01-19 21:00:00,10.692800019063272,11.631490502271244,12.22230775887033
2020-01-19 22:00:00,10.749270480509768,11.637621690417108,12.53140143237659
2020-01-19 23:00:00,11.458214521354922,11.641421848308651,12.987148800279645
2020-01-20 00:00:00,11.855729595186878,12.644959631318793,13.5743690518227
2020-01-20 01:00:00,12.35094338129818,12.943030773125896,14.001547384729811
2020-01-20 02:00:00,12.881855577666501,13.491778498725683,14.535804243240136
2020-01-20 03:00:00,13.242005274800496,13.579993051864477,14.890713563220968
2020-01-20 04:00:00,13.760229717597623,13.703894391331984,15.531319523679345
2020-01-20 05:00:00,14.004794983809004,13.394204408020025,15.546077302986905
2020-01-20 06:00:00,13.814317958540665,13.440315854329716,15.550027449200742
2020-01-20 07:00:00,13.899701047238358,13.121870378589733,15.583948938863166
2020-01-20 08:00:00,13.5298853676363,12.824521457850885,15.363614205418616
2020-01-20 09:00:00,13.519332420539717,12.641917877147401,15.04840439252654
2020-01-20 10:00:00,12.731014461477749,12.441454777657365,14.732585843779209
2020-01-20 11:00:00,12.759418325672959,11.719345499952873,14.280822387976517
2020-01-20 12:00:00,11.817979396399709,10.879727592934993,13.652021973057138
2020-01-20 13:00:00,11.029453064194607,10.797322259580323,13.148854259441451
2020-01-20 14:00:00,10.884081895231514,10.631861483289414,12.716922024498702
2020-01-20 15:00:00,10.217538382740962,9.93889891455861,12.121710990844976
2020-01-20 16:00:00,10.25488147479684,9.960048909159879,11.905556337567065
2020-01-20 17:00:00,9.912686136998623,10.146048994309572,12.01827351829634
2020-01-20 18:00:00,9.912527265080898,10.137677507920847,12.003527903447708
2020-01-20 19:00:00,9.61073070250263,10.584220761749572,11.909129349961614
2020-01-20 20:00:00,10.153303074841864,10.826781067652034,12.219579484952249
2020-01-20 21:00:00,10.078210980414145,11.354000115707885,12.540187253852972
2020-01-20 22:00:00,10.814044088567606,11.71214526280685,13.261649306529517
2020-01-20 23:00:00,11.683124696712214,12.202369150521191,13.579721621171748
2020-01-21 00:00:00,12.159848410922073,12.854271431944014,14.005376758383855
2020-01-21 01:00:00,12.580966718959266,13.028514934865841,14.474112322999526
2020-01-21 02:00:00,12.769756519446362,13.774470344607955,14.926303496144412
2020-01-21 03:00:00,13.476291082344774,13.698799335263708,15.557453144773257
2020-01-21 04:00:00,13.77342639360109,13.918984269074212,15.81624299526953
2020-01-21 05:00:00,13.727922323620682,14.046213005329184,15.987338870340245
2020-01-21 06:00:00,14.386606115211936,13.509360089458438,16.171852909717014
2020-01-21 07:00:00,14.19133661772581,13.19777657092545,16.099876666643205
2020-01-21 08:00:00,13.93055502552477,13.062410238694758,16.21744491301252
2020-01-21 09:00:00,13.642656679761823,13.182689551461811,15.86034546155272
2020-01-21 10:00:00,13.241277929523687,12.33041069365317,15.399202735868347
2020-01-21 11:00:00,12.404654009328143,12.565821795044133,15.108363875820972
2020-01-21 12:00:00,12.197491069319515,11.426970244905606,14.493853091647235
2020-01-21 13:00:00,11.567954837969127,11.134055589526175,13.926341465342404
2020-01-21 14:00:00,11.163161689701301,11.205981855904792,13.726971383360569
2020-01-21 15:00:00,10.866372350256349,11.03091776765192,13.259398380040187
2020-01-21 16:00:00,10.908246602879263,10.861109590332001,12.829469402587582
2020-01-21 17:00:00,10.542390463219826,10.755795559589679,12.760295434510983
2020-01-21 18:00:00,10.220722822396045,10.832664344328334,12.669917240705209
2020-01-21 19:00:00,10.515569113563416,10.98548377342148,12.733956767162509
